[
    {
        "name": "Guild",
        "replaces": "Shrine",
		"uniqueTo": "NewWorld",
		"faith": 50,
		"science": 50,
		"cost": 40,
		"maintenance": 1,
		"requiredTech": "Pottery",
		"uniques": ["Hidden when religion is disabled",
            "[+50 Science, +50 Faith] [in this city] <with [Vibranium]>"]
    },
    {
        "name": "Sheald Gift in gods",
        "uniqueTo": "NewWorld",
        "replaces": "Military Base",
        "science": 1,
		"cityStrength": 100,
		"cityHealth": 500,
		"hurryCostModifier": 25,
		"requiredBuilding": "Arsenal",
		"requiredTech": "Replaceable Parts",
		"uniques": ["[+100 Production, +100 Science] [in this city] <with [Vibranium]>",
            "Destroyed when the city is captured"]
    },
    {
        "name": "Home Hero",
        "uniqueTo": "NewWorld",
        "isWonder": "true",
        "requiredTech": "Agriculture",
        "cost": 1,
        "science": 1,
        "uniques": ["Provides [1] [Vibranium]",
            "[+100 Culture, +100 Science, +100 Happiness, +1 Faith, +1 Gold, +1 Food, +1 Production] [in all cities]",
            "Free [Mc] appears",
            "Gain a free [Monument] [in this city]",
            "Will not be displayed in Civilopedia"],
        "quote": "'I have seen gods fly. I have seen men build weapons that I couldn't even imagine. I have seen aliens drop from the sky. But I have never seen anything like this.' - Everett K. Ross"
    },
    {
        "name": "Secret of Mana Stone Alloys",
        "requiredTech": "Iron Working",
        "requiredBuilding": "Sacred Mound",
        "isWonder": "true",
        "cost": 125,
        "science": 1,
        "uniques": ["[+100]% Strength for cities <when defending>",
            "[+100]% Strength <for [All] units>",
            "[+100]% Strength <for [All] units> <vs [Ranged] units> <when defending>",
            "Provides [2] [Iron]",
            "Double quantity of [Iron] produced",
            "Only available <if [Home Hero] is constructed>",
            "Will not be displayed in Civilopedia"],
        "quote": "'The most versatile substance on the planet, and they used it to build a Frisbee.' - Ultron"
    },
    {
        "name": "Secret of Out World Culture",
        "requiredTech": "Civil Service",
        "requiredBuilding": "Home Hero",
        "isWonder": "true",
        "science": 1,
        "cost": 160,
        "uniques": ["Each city founded increases culture cost of policies [10]% less than normal",
            "[-50]% Unhappiness from [Population] [in all cities]",
            "[+10 Culture, +10 Science, +10 Happiness] from each Trade Route",
            "Only available <if [Home Hero] is constructed>",
            "Will not be displayed in Civilopedia"],
        "quote": "'You have been told that the might of your country is in its wonderful invention, in its circuits and weaponry. This is the mastery of things. But Wakanda was great before it had things, and its secrets are older than any vaulted metal.' - Ramonda"
    },
    {
        "name": "Secret of Ecko Theory",
        "requiredTech": "Banking",
        "requiredBuilding": "Sacred Mound",
        "isWonder": "true",
        "science": 1,
        "cost": 250,
        "uniques": ["[-50]% Gold cost of upgrading <for [Military] units>",
            "[-50]% maintenance on road & railroads",
            "[-50]% Gold cost of acquiring tiles [in all cities]",
            "[-50]% maintenance costs <for [All] units>",
            "[Gold] cost of purchasing items in cities [-50]%",
            "[-50]% maintenance cost for buildings [in all cities]",
            "Only available <if [Home Hero] is constructed>",
            "Will not be displayed in Civilopedia"],
        "quote": "'Just as money has been in the past the instrument of men's selfishness, now it must be the instrument of their goodwill.' - Alice Bailey"
    },
    {
        "name": "Secret of the Dokri Herb",
        "requiredTech": "Fertilizer",
        "requiredBuilding": "Home Hero",
        "isWonder": "true",
        "cost": 360,
        "science": 1,
        "uniques": ["[+3] Movement <for [All] units>",
            "[+50] HP when healing <for [All] units>",
            "[+10 Food, +5 Happiness] [in all cities]",
            "Only available <if [Home Hero] is constructed>",
            "Will not be displayed in Civilopedia"],
        "quote": "'A warrior shaman received a vision from the panther goddess Bast, who led him to the Heart-Shaped Herb, a plant that granted him superhuman strength, speed and instincts.' - N'Jobu"
    },
    {
        "name": "Secret of Antarctic Vibranium",
        "requiredTech": "Electricity",
        "requiredBuilding": "Home Hero",
        "isWonder": "true",
        "cost": 360,
        "science": 1,
        "uniques": ["[+75]% Strength for cities <when attacking>",
            "[+25]% Strength <for [All] units> <when attacking>",
			"No movement cost to pillage <for [non-air] units>",
			"[+50]% Strength <for [All] units> <vs [Armored] units>",
            "Provides [2] [Aluminum]",
            "Double quantity of [Aluminum] produced",
            "Only available <if [Sacred Mound] is constructed>",
            "Will not be displayed in Civilopedia"],
        "quote": "'Antarctic Vibranium. Ever heard of it? It emanates vibrations, which cause the atomic molecular bonds in metals to weaken and in most cases liquefy.' - Misty Knight"
    },
    {
        "name": "Secret of Panther Vision",
        "requiredTech": "Scientific Theory",
        "requiredBuilding": "Home Hero",
        "isWonder": "true",
        "cost": 300,
        "science": 1,
        "uniques": ["[All] units gain the [Panther Eyes] promotion",
            "[+5] Sight <for [All] units>",
            "[+5] Sight <for [Embarked] units>",
            "Reveals the entire map",
            "Only available <if [Home Hero] is constructed>",
            "Will not be displayed in Civilopedia"],
        "quote": "'Lifting her eyes she saw two bright objects starring the darkness with a reddish-green glow. She took them to be two coals on the hearth, but with her returning sense of direction came the disquieting consciousness that they were not in that quarter of the room, moreover were too high, being nearly at the level of the eyes--of her own eyes. For these were the eyes of a panther.' - Ambrose Bierce"
    },
    {
        "name": "Secret of Vibranium Power",
        "requiredTech": "Atomic Theory",
        "requiredBuilding": "Home Hero",
        "isWonder": "true",
        "cost": 200,
        "science": 1,
        "uniques": ["[+8 Production] [in all cities]",
            "[+55]% Production when constructing [Military] units [in all cities]",
            "Provides [2] [Uranium]",
            "Double quantity of [Uranium] produced",
            "Only available <if [Sacred Mound] is constructed>",
            "Will not be displayed in Civilopedia"],
        "quote": "'It's not just a metal. They sew it into their clothes. It powers their city, their tech... their weapons. Makes my arm cannon look like a leaf blower.' - Ulysses Klaue"
    }
]
