[
	{
		"name": "Job Scout",
		"unitType": "Scout",
		"replaces": "Scout",
		"uniqueTo": "NewWorld",
		"movement": 5,
		"strength": 15,
		"upgradesTo": "Infiltrator",
		"cost": 25,
		"obsoleteTech": "Scientific Theory",
		"uniques": ["Ignores terrain cost"],
		"attackSound": "nonmetalhit"
	},
	{
		"name": "Novic",
		"unitType": "Sword",
		"uniqueTo": "NewWorld",
		"replaces": "Warrior",
		"movement": 5,
		"strength": 25,
		"cost": 40,
		"obsoleteTech": "Metal Casting",
		"uniques": ["[+75]% Strength <when fighting in [Forest] tiles>",
			"[+75]% Strength <when fighting in [Jungle] tiles>"],
		"promotions": ["Woodsman"],
		"upgradesTo": "Swordsman",
		"attackSound": "nonmetalhit"
	},
	{
		"name": "Baby DulaHala",
		"unitType": "Mounted",
		"replaces": "Horseman",
		"uniqueTo": "Wakanda",
		"movement": 5,
		"strength": 25,
		"cost": 100,
		"hurryCostModifier": 20,
		"requiredTech": "Horseback Riding",
		"requiredResource": "Horses",
		"upgradesTo": "Knight",
		"obsoleteTech": "Metallurgy",
		"uniques": ["Can move after attacking",
			"No defensive terrain penalty",
			"[-50]% Strength for enemy [Military] units in adjacent [Land] tiles"],
		"attackSound": "elephant"		
	},
	{
		"name": "Awaken Spearman",
		"replaces": "Pikeman",
		"uniqueTo": "Wakanda",
		"unitType": "Sword",
		"movement": 5,
		"strength": 28,
		"cost": 45,
		"requiredTech": "Civil Service",
		"uniques": ["[+80]% Strength <vs [Mounted] units>"],
		"upgradesTo": "Spearman Lvl 2",
		"obsoleteTech": "Gunpowder",
		"attackSound": "metalhit"
	},
	{
		"name": "Scout Lvl 2",
		"uniqueTo": "Wakanda",
		"unitType": "Scout",
		"movement": 5,
		"strength": 30,
		"cost": 200,
		"requiredTech": "Scientific Theory",
		"uniques": ["Ignores terrain cost",
			"Invisible to non-adjacent units",
			"Can see invisible [Land] units",
			"May enter foreign tiles without open borders",
			"[+3] Sight",
			"May withdraw before melee ([80]%)"],
		"attackSound": "nonmetalhit"
	},
	{
		"name": "Superman",
		"uniqueTo": "NewWorld",
		"replaces": "Helicopter Gunship",
		"unitType": "Helicopter",
		"movement": 5,
		"interceptRange": 5,
		"strength": 100,
		"rangedStrength": 100,
		"cost": 500,
		"requiredTech": "Computers",
		"requiredResource": "Aluminum",
		"uniques": ["[+100]% Strength <vs [Armored] units>",
			"[+80]% chance to intercept air attacks",
			"No defensive terrain bonus",
			"Can move after attacking",
			"All tiles cost 1 movement",
			"May withdraw before melee ([50]%)",
			"Ignores Zone of Control",
			"Can carry [3] [Aircraft] units"],
		"attackSound": "machinegun"
	},
    {
		"name": "Mc",
		"unitType": "Sword",
		"uniqueTo": "NewWorld",
		"movement": 5,
		"strength": 50,
		"cost": 500,
		"uniques": ["[+55]% Strength bonus for [Military] units within [2] tiles",
			"[-50]% Strength for enemy [Military] units in adjacent [All] tiles",
			"Uncapturable",
			"Limited to [1] per Civilization",
			"Only available <in cities with a [Home Hero]>",
			"[+100]% XP gained from combat",
			"Heals [55] damage if it kills a unit",
			"[+100]% Strength <during the [Classical era]>",
			"[+150]% Strength <during the [Medieval era]>",
			"[+200]% Strength <during the [Renaissance era]>",
			"[+250]% Strength <during the [Industrial era]>",
			"[+300]% Strength <during the [Modern era]>",
			"[+350]% Strength <during the [Atomic era]>",
			"[+400]% Strength <during the [Information era]>",
			"[+450]% Strength <during the [Future era]>",
			"[+5] Movement <starting from the [Information era]>",
			"Cost increases by [30] when built",
			"[-50]% Strength <for [All] units> <for [10] turns> <upon being defeated>",
			"Gain [-50] [Science] (modified by game speed) <upon being defeated> <hidden from users>",
			"Gain [-50] [Culture] (modified by game speed) <upon being defeated> <hidden from users>",
			"Gain [-100] [Gold] (modified by game speed) <upon being defeated> <hidden from users>",
			"Comment [Lose [-50 Culture, -50 Science, -100 Gold] upon being defeated]"
		],
		"promotions": ["Awaken"],
	                      ["Power Up"],
		"attackSound": "metalhit"
	}
]
